,Qi_hist,Qi_hyp,Qi_harm,Qi_exp,b,di_hyp,di_harm,di_exp,error_Qi_hyp,error_Qi_harm,error_Qi_exp,error_di_hyp,error_di_harm,error_di_exp,Qi_gas,b_gas,di_gas,Qi_condensado,b_condensado,RSS_exponencial,RSS_hiperbolica,RSS_harmonica,RSS_gas_exponencial,RSS_gas_hiperbolica,RSS_gas_harmonica
tipo1,0.06847166666666665,0.06421928767087476,0.06418685700303063,0.05687448356520006,0.44444509726968817,0.022567483332733396,0.025368909996682162,1.124170233440121,inf,inf,inf,inf,inf,inf,0.08863405829652292,0.3347179302052308,0.009697044786132623,5e-45,0.5,0.5181039174395843,0.494297745812893,0.4945955220404092,4.566137446936388,3.565264205743768,3.5656897317682215
tipo2,0.23316391666666667,0.18218871916738713,0.18420574911414875,0.17273473793381422,0.33575117663646453,0.016725680480374695,0.02181609805102284,0.010152190502708677,0.012367228670400262,0.012689748358235045,0.010028667937733727,0.280852681259864,0.004852201060190606,0.0014785345810601647,0.2043269427713689,0.27077151796111876,0.009205356711149408,5e-45,0.5,0.5603164349876079,0.5545623223982505,0.5659788176529413,7.524459677023608,7.519110214800318,7.555969631074727
tipo3,0.33853688888888894,0.2531620584308824,0.25939466377357734,0.24485591325729997,0.36009846597758777,0.006291364065229448,0.009186995957032916,0.005295584991211804,0.011370630048637835,0.012070021178306628,0.009310678972424118,1.593862505592817,0.0012613317112072522,0.00045752557013106705,0.18367537753040555,0.22222669064364814,0.0013789102801719901,5e-45,0.5,1.2914785118261936,1.2644509151796524,1.2849544151364114,8.474992773126296,8.474042644626357,8.48702897250779
