,Qi_hist,Qi_hyp,Qi_harm,Qi_exp,b,di_hyp,di_harm,di_exp,Qi_hyp_gas,b_gas,di_hyp_gas,Qi_hyp_condensado,b_condensado,di_hyp_condensado,RSS_exponencial,RSS_hiperbolica,RSS_harmonica,RSS_gas_exponencial,RSS_gas_hiperbolica,RSS_gas_harmonica
BAJA,0.011388877536612853,0.00869086553629068,0.008702205767093645,0.008354334048386518,0.5236719402615329,0.10616267639668482,0.11083098488645222,0.28008510098671996,0.024647856358963476,0.4845801252508579,0.15534300426976583,5e-45,0.5,5.0,0.0014224077623374383,0.001393506314968162,0.0013999800796390682,0.024853136999776707,0.024692816519469453,0.02480625197091444
MEDIA,0.04424631007094877,0.027279720629991493,0.027485769214212082,0.024482453744025474,0.6408567890524575,0.08576288735734296,0.09126978721595572,0.13923023595513276,0.05013001315965873,0.481369401813645,0.058320622842633334,4.9999999999999985e-45,0.5,5.0,0.005897643699726738,0.005173858409702231,0.005264235365488133,0.08627140187773792,0.08416093692995477,0.0852961946662627
ALTA,0.17463646695515364,0.13441835382013964,0.1342957840921755,0.12720106322700497,0.5619364085218949,0.2281373732565202,0.28431662612885855,0.21230521392064297,0.12442445392085229,0.45205996040597923,0.09591475211275569,5e-45,0.5,5.0,0.03077654114573179,0.02801607589855889,0.03277185653296441,0.12533581496300697,0.12151963267148834,0.13132446647307833
