,Qi_hist,Qi_hyp,Qi_harm,Qi_exp,b,di_hyp,di_harm,di_exp,Qi_hyp_gas,b_gas,di_hyp_gas,Qi_hyp_condensado,b_condensado,di_hyp_condensado,RSS_exponencial,RSS_hiperbolica,RSS_harmonica,RSS_gas_exponencial,RSS_gas_hiperbolica,RSS_gas_harmonica
BAJA,0.06847166666666665,0.06421918145188422,0.06418705023147137,0.056874483566296284,0.44427491329581886,0.022560461545769586,0.025368958051030246,1.1241702334385482,0.0886358090063814,0.4443406622087671,0.009698696113518231,5e-45,0.5,5.0,0.5181039174395843,0.49429774920437947,0.49459552202383417,4.566137446936388,3.5652642085369144,3.565689731768222
MEDIA,0.23316391666666667,0.18219961530136872,0.18420568154148512,0.1727347379333072,0.4192377435148666,0.01672599549150234,0.021816025727574604,0.010152190502335498,0.20433003437459782,0.302089373142318,0.009206033081718858,5e-45,0.5,5.0,0.5603164349876079,0.5545618000950393,0.5659788176468691,7.524459677023572,7.519110522210579,7.555969631074716
ALTA,0.33853688888888894,0.2531623545560509,0.25939465696216046,0.24485591326238287,0.36009840100823604,0.006291338856759817,0.009186989130733018,0.005295584991779895,0.18368196300733536,0.1111125144277451,0.0013790583515695327,5e-45,0.5,5.0,1.2914785118261936,1.2667605803198496,1.284954415143839,8.474992773126289,8.474041552945206,8.487028972507764
