,Qi_hist,Qi_hyp,Qi_harm,Qi_exp,b,di_hyp,di_harm,di_exp,error_Qi_hyp,error_Qi_harm,error_Qi_exp,error_di_hyp,error_di_harm,error_di_exp,Qi_gas,b_gas,di_gas,Qi_condensado,b_condensado,RSS_exponencial,RSS_hiperbolica,RSS_harmonica,RSS_gas_exponencial,RSS_gas_hiperbolica,RSS_gas_harmonica
tipo1,0.006118284239826845,0.005449008621117234,0.005439495623189329,0.005305372830788196,0.6717033843334803,2.2134753652224832,2.1119396518304874,2.977393790830908,inf,inf,inf,inf,inf,inf,0.03546984044423299,0.5464636585485751,2.8564656316121386,4.999999999999999e-45,0.5,0.0004859462656816331,0.0004558664242191502,0.00045606922432847016,0.007237336715482247,0.006658234811891135,0.006738588101956449
tipo2,0.045170394612351894,0.03123780747594916,0.03133621282372019,0.02935839282228299,0.4932118176022978,0.05051041374176436,0.057007429622359794,0.2732474082339253,inf,inf,inf,inf,inf,inf,0.06303082415740283,0.4579847231027503,0.08408892814417562,4.999999999999999e-45,0.5,0.022083450659316186,0.0212835175658384,0.02159152424094115,0.2171933932616932,0.2061887059941287,0.20813099090909248
tipo3,0.25685962289691666,0.1985342367705012,0.20030583731463997,0.18190340237819896,0.55576758489425,0.11967007903457245,0.14405090067597692,0.1368777362612008,inf,0.018267932559234496,0.014794019156958896,inf,0.033345478899224415,0.014787770275278873,0.11070539904967924,0.45011234050028565,0.02761377423035856,4.999999999999999e-45,0.5,0.12323587705471334,0.10791332679447202,0.11762424738590085,1.092518293301703,1.0774257424832148,1.0842496547768992
